Squad;Competition;Poss%;Gls;G-PK;Ast;xG;xA;Gls/90;G-PK/90;Ast/90;xG/90;xA/90;GA;OG;GA/90;Save%;CS%;PSxG;PSxG/SoT;PSxG+/-;SoTA/90;SoTA/GA;Sh;Sh/90;SoT/90;SoT/G;G-xG;Passes%;ShortPasses%;MediumPasses%;LongPasses%;A-xA;PassesCompleted/90;PassesAttempted/90;ShortPassesCompleted/90;MediumPassesCompleted/90;LongPassesCompleted/90;TotDistPasses/90;PrgDistPasses/90;KP/90;FinalThirdPasses/90;PPA/90;CrsPA/90;PassesProgressive/90;SCA/90;GCA/90;Press%;TklW/90;Blocks/90;Int/90;Err/90;Tkl+Int/90;Touches/90;Dribbles/90;Dribbles%;Points/90;xGA;xGA/90;Aerial%;Recov/90;Fls/90;Fld/90;AerialW/90;xGD;xGD/90
Alavés;La Liga;41.9;15;10;8;20.7;11.2;0.68;0.45;0.36;0.94;0.51;35;0;1.59;62.1;18.2;30.9;0.32;-4.1;3.95;2.49;218;9.91;2.64;5.8;-5.699999999999999;71.6;81.2;79.5;54.2;-3.2;269.23;375.91;100.77;111.23;53.55;5924.09;2398.32;6.5;21.59;5.14;1.95;22.14;14.27;1.05;25.1;9.18;15.91;13.64;0.23;28.95;494.23;7.36;52.8;0.77;30.6;1.39;58.5;85.23;15.05;12.41;26.82;-9.900000000000002;-0.44999999999999996
Athletic Club;La Liga;48.5;19;18;16;28.7;19.8;0.86;0.82;0.73;1.3;0.9;17;0;0.77;79.5;40.9;17.6;0.23;0.6;3.32;4.29;277;12.59;3.5;4.28;-9.7;76.1;86.1;82.3;54.3;-3.8;350.05;460.18;140.68;152.05;50.73;6853.55;2580.0;8.73;29.32;8.32;1.86;36.95;19.14;1.55;28.1;9.68;16.09;12.64;0.09;27.77;575.0;8.0;53.2;1.41;21.2;0.96;48.3;91.0;13.0;11.68;17.91;7.5;0.3400000000000001
Atlético Madrid;La Liga;53.4;34;33;25;29.5;21.5;1.62;1.57;1.19;1.4;1.02;26;2;1.24;47.7;28.6;16.0;0.29;-8.0;2.1;1.69;277;13.19;4.24;2.7;4.5;81.5;89.6;87.4;61.4;3.5;431.38;529.05;185.95;172.29;63.71;8277.9;2721.1;9.86;33.67;10.29;2.24;37.52;19.71;2.62;32.0;10.38;13.14;11.81;0.24;29.1;634.71;9.0;59.8;1.71;16.5;0.79;53.8;82.71;11.76;12.9;16.71;13.0;0.6099999999999999
Barcelona;La Liga;65.3;32;28;23;33.7;23.7;1.52;1.33;1.1;1.6;1.13;23;0;1.1;62.9;23.8;21.1;0.34;-1.9;2.95;2.7;272;12.95;4.14;3.11;-1.7000000000000028;86.5;92.0;90.3;70.4;-0.7;558.0;645.38;238.81;237.62;71.71;10407.38;3119.48;10.19;43.1;10.14;2.05;43.71;21.62;2.62;33.8;10.86;13.86;11.14;0.38;27.38;756.19;10.71;59.2;1.67;19.8;0.94;51.6;81.0;14.19;14.9;14.0;13.900000000000002;0.6600000000000001
Betis;La Liga;53.1;40;36;30;34.6;23.4;1.82;1.64;1.36;1.57;1.06;25;2;1.14;70.5;27.3;27.1;0.33;4.1;3.55;3.12;312;14.18;5.23;3.19;5.399999999999999;81.1;88.8;87.2;60.8;6.6;403.64;497.64;168.73;168.41;57.27;7771.59;2616.64;10.77;28.55;9.45;1.64;33.09;22.82;2.86;28.6;11.5;15.59;13.45;0.27;31.45;617.5;9.45;56.7;1.82;27.6;1.25;48.6;81.36;12.91;11.86;15.55;7.0;0.32000000000000006
Cádiz;La Liga;35.4;19;16;12;20.0;11.2;0.86;0.73;0.55;0.91;0.51;36;0;1.64;70.8;22.7;36.2;0.31;0.2;4.82;2.94;202;9.18;2.27;3.12;-1.0;68.2;82.8;77.3;46.9;0.8;224.14;328.68;85.77;88.27;45.45;4888.59;1971.5;5.86;17.59;4.91;2.27;19.09;12.82;1.32;28.5;12.05;17.0;16.23;0.27;35.5;452.09;6.09;49.8;0.82;36.2;1.65;46.9;81.0;11.77;10.86;18.5;-16.200000000000003;-0.7399999999999999
Celta Vigo;La Liga;55.1;26;24;17;25.1;15.7;1.18;1.09;0.77;1.14;0.71;25;0;1.14;71.8;36.4;29.6;0.31;4.6;3.86;3.4;227;10.32;3.41;3.12;0.8999999999999986;77.9;86.9;84.1;60.2;1.3;410.36;526.64;164.27;167.77;69.32;8188.82;2540.27;6.91;26.91;7.27;2.14;29.5;15.91;1.77;32.3;13.36;18.32;15.18;0.18;36.86;647.91;7.45;53.8;1.23;28.7;1.3;50.0;92.23;12.95;12.0;20.27;-3.599999999999998;-0.16000000000000014
Elche;La Liga;47.5;23;22;17;20.2;15.9;1.05;1.0;0.77;0.92;0.72;30;0;1.36;75.5;22.7;33.1;0.27;3.1;4.64;3.4;178;8.09;2.91;2.91;2.8000000000000007;78.4;87.0;86.9;58.3;1.1;342.5;436.77;133.36;146.5;56.95;6966.68;2434.14;6.14;19.73;5.05;2.05;22.5;12.55;1.59;26.4;8.55;14.59;14.09;0.32;29.95;550.82;7.82;54.1;1.05;34.4;1.56;45.9;72.45;13.23;12.86;13.36;-14.2;-0.64
Espanyol;La Liga;46.9;26;22;15;25.9;17.1;1.18;1.0;0.68;1.18;0.78;30;2;1.36;69.2;27.3;26.9;0.28;-1.1;4.14;3.03;258;11.73;3.68;3.68;0.10000000000000142;79.9;89.8;87.2;56.1;-2.1;347.68;435.27;141.95;147.91;49.64;6729.91;2300.05;7.95;26.27;5.73;1.73;24.55;18.23;1.91;27.4;9.45;13.45;12.36;0.41;27.5;550.27;9.18;56.9;1.23;29.5;1.34;44.2;72.95;10.86;13.18;13.05;-3.6000000000000014;-0.16000000000000014
Getafe;La Liga;41.5;17;17;14;15.7;11.1;0.77;0.77;0.64;0.71;0.5;23;0;1.05;70.8;31.8;21.1;0.27;-1.9;3.27;3.13;239;10.86;2.91;3.76;1.3000000000000007;72.5;83.5;80.5;53.0;2.9;277.77;383.23;110.82;107.95;52.36;5804.14;2273.14;7.68;21.68;4.86;2.09;23.73;17.0;1.36;27.6;11.41;15.68;16.68;0.32;35.27;495.73;6.68;50.0;1.0;22.9;1.04;50.0;80.36;15.55;11.82;22.05;-7.199999999999999;-0.33000000000000007
Granada;La Liga;45.6;26;25;16;21.3;13.4;1.18;1.14;0.73;0.97;0.61;33;2;1.5;69.9;18.2;30.7;0.28;-0.3;4.68;3.12;219;9.95;3.27;2.88;4.699999999999999;73.8;84.3;83.3;52.7;2.6;290.45;393.82;107.45;124.41;53.0;6080.68;2242.45;6.77;21.36;5.32;2.32;23.68;14.95;1.59;29.0;9.82;16.59;12.45;0.32;29.14;507.0;6.14;52.3;1.09;31.6;1.44;41.6;79.45;12.5;13.27;17.27;-10.3;-0.47
Levante;La Liga;46.1;21;18;15;25.3;13.0;1.0;0.86;0.71;1.2;0.62;43;0;2.05;61.9;19.0;35.5;0.31;-7.5;5.0;2.44;210;10.0;3.62;4.22;-4.300000000000001;77.1;87.7;84.6;56.2;2.0;324.1;420.43;127.05;136.57;53.29;6506.86;2337.71;6.86;23.67;6.1;1.71;30.95;14.57;1.48;27.5;10.0;12.57;14.43;0.24;31.1;529.76;8.43;50.0;0.52;29.3;1.4;48.7;77.43;14.95;11.76;13.76;-4.0;-0.19999999999999996
Mallorca;La Liga;46.0;16;15;12;19.3;12.6;0.76;0.71;0.57;0.92;0.6;33;2;1.57;63.9;28.6;25.9;0.27;-5.1;3.95;2.52;234;11.14;3.62;5.07;-3.3000000000000007;74.8;85.9;82.0;52.0;-0.6;292.1;390.76;119.48;118.14;46.1;5725.14;2096.1;7.14;20.1;4.86;1.14;23.95;16.33;1.14;29.4;11.33;14.38;13.29;0.29;30.9;506.14;9.29;58.7;0.95;26.8;1.28;47.1;82.05;14.24;15.29;17.1;-7.5;-0.36
Osasuna;La Liga;46.5;22;18;13;21.8;14.0;1.0;0.82;0.59;0.99;0.64;27;1;1.23;65.8;36.4;22.9;0.3;-3.1;3.32;2.7;247;11.23;3.09;3.78;0.1999999999999993;72.5;81.9;80.6;53.7;-1.0;308.32;425.41;117.77;129.73;55.5;6562.14;2649.55;7.27;29.59;8.23;2.64;30.41;15.18;1.41;29.3;9.45;16.05;14.5;0.09;31.0;542.64;6.59;54.1;1.27;22.1;1.0;52.3;90.73;13.91;10.64;25.64;-0.3000000000000007;-0.010000000000000009
Rayo Vallecano;La Liga;50.3;26;23;20;26.5;18.8;1.24;1.1;0.95;1.26;0.9;22;1;1.05;78.7;28.6;26.7;0.27;5.7;3.57;3.41;278;13.24;3.81;3.48;-0.5;76.7;86.4;84.1;57.6;1.2;334.19;435.9;126.19;141.33;60.95;6972.9;2492.67;9.52;26.33;7.62;2.76;30.43;20.24;2.1;29.6;11.05;16.38;16.24;0.1;34.43;556.19;8.86;51.5;1.48;26.5;1.26;50.8;82.0;14.29;14.1;19.19;0.0;0.0
Real Madrid;La Liga;60.9;47;44;34;40.0;28.4;2.14;2.0;1.55;1.82;1.29;20;0;0.91;74.0;31.8;20.6;0.26;0.6;3.32;3.65;372;16.91;6.14;3.07;7.0;87.5;92.7;91.5;73.2;5.6;562.27;642.45;247.64;225.23;77.82;10542.64;3002.32;13.36;41.68;13.27;1.86;42.18;28.86;3.68;30.3;10.59;12.09;13.73;0.5;29.36;748.64;11.82;58.7;2.27;24.1;1.1;56.0;70.09;11.05;12.95;11.73;15.899999999999999;0.72
Real Sociedad;La Liga;54.8;22;18;12;27.2;15.1;1.05;0.86;0.57;1.29;0.72;21;0;1.0;73.1;52.4;20.5;0.27;-0.5;3.19;3.19;234;11.14;3.67;4.28;-5.199999999999999;80.7;88.1;86.5;62.4;-3.1;397.9;492.95;157.9;175.57;57.62;7754.95;2526.24;7.33;27.62;8.52;1.67;31.67;16.57;1.57;31.7;10.43;13.76;11.19;0.19;28.24;609.24;9.14;53.0;1.62;21.7;1.03;54.4;84.52;13.0;13.1;21.57;5.5;0.26
Sevilla;La Liga;60.9;32;31;25;25.4;19.0;1.45;1.41;1.14;1.16;0.86;16;0;0.73;75.8;50.0;17.1;0.25;1.1;2.82;3.88;264;12.0;3.77;2.68;6.600000000000001;84.3;91.7;90.1;66.9;6.0;495.14;587.14;182.23;220.82;84.95;10228.64;2860.5;9.27;29.95;8.5;2.68;31.27;19.27;2.41;31.3;10.09;13.86;13.18;0.36;27.91;694.32;7.55;55.5;2.09;20.4;0.93;51.3;76.91;12.27;12.36;17.95;5.0;0.22999999999999987
Valencia;La Liga;42.7;33;28;22;25.5;16.2;1.5;1.27;1.0;1.16;0.74;36;2;1.64;67.0;22.7;36.0;0.34;2.0;4.41;2.69;245;11.14;3.82;3.0;7.5;71.7;82.2;79.7;53.0;5.8;254.18;354.36;94.95;101.82;51.32;5484.27;2145.95;8.36;22.09;7.18;2.18;26.68;18.0;2.32;25.9;10.27;14.32;14.82;0.14;31.55;469.59;8.41;56.1;1.32;29.3;1.33;47.7;80.09;17.14;15.45;17.32;-3.8000000000000007;-0.17000000000000015
Villarreal;La Liga;58.9;35;33;31;36.6;27.8;1.59;1.5;1.41;1.66;1.26;23;1;1.05;70.1;40.9;20.9;0.28;-1.1;3.05;2.91;277;12.59;4.27;2.85;-1.6000000000000014;82.9;88.5;88.3;68.9;3.2;450.95;544.18;165.95;207.59;70.05;9057.05;2890.41;9.91;33.36;10.36;2.5;39.18;20.32;2.95;31.9;9.09;13.09;13.86;0.45;29.18;653.91;10.23;58.6;1.45;23.9;1.09;52.1;75.82;13.59;11.32;15.05;12.700000000000003;0.5699999999999998
Arsenal;Premier League;51.5;33;32;24;30.9;19.4;1.57;1.52;1.14;1.47;0.92;25;0;1.19;74.4;47.6;23.5;0.24;-1.5;4.1;3.44;306;14.57;4.95;3.25;2.1000000000000014;81.6;88.8;88.5;58.8;4.6;400.62;491.05;167.9;172.86;52.62;7624.95;2298.05;10.62;28.43;8.95;2.0;29.48;23.52;2.38;30.2;9.29;14.76;13.57;0.52;28.86;602.24;8.0;54.0;1.71;28.8;1.37;47.9;81.33;9.0;9.52;16.62;2.099999999999998;0.09999999999999987
Aston Villa;Premier League;45.7;26;24;21;22.2;16.5;1.24;1.14;1.0;1.06;0.78;32;1;1.52;65.9;28.6;25.0;0.26;-6.0;4.05;2.66;234;11.14;3.62;3.17;3.8000000000000007;76.6;85.7;85.1;54.1;4.5;311.9;407.33;120.81;136.52;48.95;6260.24;2231.71;8.1;23.86;8.05;1.76;30.33;16.95;1.95;28.5;10.33;16.71;16.29;0.19;33.62;525.0;7.48;53.8;1.24;29.0;1.38;48.5;81.14;9.95;13.57;17.19;-6.800000000000001;-0.31999999999999984
Brentford;Premier League;45.4;25;22;16;27.2;17.6;1.09;0.96;0.7;1.18;0.76;38;2;1.65;64.1;17.4;36.4;0.34;0.4;4.48;2.71;250;10.87;3.57;3.73;-2.1999999999999993;71.7;81.6;79.7;50.6;-1.6;302.65;422.26;115.35;134.43;47.65;6074.09;2227.17;7.26;22.83;6.87;2.13;27.26;15.35;1.48;29.8;11.04;15.78;16.26;0.26;35.48;539.65;5.96;53.5;1.0;29.2;1.27;49.7;96.13;10.3;10.17;22.96;-2.0;-0.09000000000000008
Brighton;Premier League;56.1;22;19;19;25.7;17.2;1.0;0.86;0.86;1.17;0.78;23;0;1.05;75.0;27.3;22.8;0.25;-0.2;3.82;3.65;279;12.68;3.64;4.21;-3.6999999999999993;81.3;88.5;87.4;62.1;1.8;448.14;551.45;175.86;202.0;62.18;8729.09;2669.36;9.09;29.59;9.36;2.23;32.64;20.41;1.77;32.2;12.14;17.27;15.36;0.27;35.55;672.41;9.18;59.8;1.36;26.9;1.22;49.9;88.18;9.91;8.55;16.05;-1.1999999999999993;-0.050000000000000044
Burnley;Premier League;39.2;15;15;12;17.3;13.3;0.83;0.83;0.67;0.96;0.74;27;1;1.5;67.5;22.2;22.3;0.28;-3.7;4.61;3.07;191;10.61;3.06;3.67;-2.3000000000000007;68.2;82.1;76.6;48.6;-1.3;245.0;359.17;103.89;86.72;50.11;5253.39;2237.06;7.39;23.33;7.28;2.72;23.22;15.72;1.44;26.8;9.22;19.5;17.61;0.22;34.61;474.72;6.22;54.6;0.67;26.9;1.49;53.5;88.89;9.78;8.11;28.33;-9.599999999999998;-0.53
Chelsea;Premier League;58.8;47;40;32;40.8;29.0;1.96;1.67;1.33;1.7;1.21;18;1;0.75;81.6;41.7;19.2;0.21;2.2;3.17;4.22;347;14.46;4.96;2.98;6.200000000000003;84.5;90.9;89.2;65.1;3.0;507.0;599.96;215.92;222.0;59.58;9388.92;2893.46;10.5;37.33;11.21;1.62;40.5;24.0;3.38;30.6;10.62;15.25;15.67;0.29;33.08;720.5;9.33;59.7;1.96;22.1;0.92;52.2;82.58;10.17;11.17;16.67;18.699999999999996;0.7799999999999999
Crystal Palace;Premier League;50.8;31;28;20;27.5;19.8;1.41;1.27;0.91;1.25;0.9;34;1;1.55;66.7;22.7;29.3;0.28;-3.7;4.23;2.74;244;11.09;3.55;2.79;3.5;79.9;87.8;86.5;58.7;0.2;388.23;486.14;150.86;176.23;54.55;7583.18;2469.14;7.68;23.73;7.86;2.36;27.77;17.05;2.05;29.3;11.36;16.73;14.09;0.27;33.36;615.0;9.45;52.9;1.09;27.2;1.24;53.5;84.32;11.32;12.32;19.91;0.3000000000000007;0.010000000000000009
Everton;Premier League;41.1;24;21;18;24.6;16.0;1.2;1.05;0.9;1.23;0.8;35;2;1.75;61.8;15.0;28.6;0.31;-4.4;4.45;2.54;244;12.2;3.6;3.43;-0.6000000000000014;72.2;83.9;79.5;51.3;2.0;276.1;382.15;109.75;111.75;46.4;5601.15;2082.7;8.85;22.75;7.5;2.65;26.1;19.25;1.95;31.2;12.25;17.3;16.7;0.3;37.2;505.35;8.15;53.1;0.95;28.1;1.4;45.1;89.05;9.7;10.2;18.35;-3.5;-0.16999999999999993
Leeds United;Premier League;55.6;24;20;16;27.2;17.8;1.14;0.95;0.76;1.3;0.85;40;1;1.9;65.4;14.3;33.5;0.29;-5.5;5.1;2.68;294;14.0;4.1;4.3;-3.1999999999999993;78.6;86.5;87.3;55.6;-1.8;378.1;480.95;147.67;169.38;54.0;7411.19;2412.81;10.0;26.33;8.1;1.81;33.33;21.14;1.9;30.3;11.71;16.48;16.33;0.43;37.38;606.24;8.52;48.8;1.05;37.4;1.78;45.1;87.52;11.62;9.52;15.29;-10.2;-0.48
Leicester City;Premier League;49.2;34;33;25;31.1;19.9;1.7;1.65;1.25;1.55;0.99;37;1;1.85;67.3;15.0;32.6;0.28;-3.4;4.9;2.65;239;11.95;4.6;2.79;2.8999999999999986;79.7;87.2;87.5;54.2;5.1;384.5;482.15;158.1;172.3;46.75;7264.6;2422.3;8.1;21.9;6.9;0.95;30.35;17.5;2.55;28.6;11.05;17.2;15.3;0.45;35.35;605.2;7.55;51.9;1.3;36.4;1.82;51.9;82.25;8.85;11.0;17.3;-5.299999999999997;-0.27
Liverpool;Premier League;62.4;58;55;44;54.1;37.3;2.64;2.5;2.0;2.46;1.7;19;1;0.86;69.8;50.0;21.1;0.34;3.1;2.86;3.32;417;18.95;6.36;2.55;3.8999999999999986;82.7;88.8;88.3;66.5;6.7;528.5;639.32;204.95;238.68;78.0;10458.5;3351.18;13.18;46.09;14.05;2.59;51.64;28.55;4.41;32.6;9.59;11.77;14.55;0.18;29.41;752.27;8.55;53.4;2.18;23.0;1.05;52.7;99.41;10.23;7.59;16.45;31.1;1.41
Manchester City;Premier League;67.6;53;49;35;51.5;35.6;2.3;2.13;1.52;2.24;1.55;14;0;0.61;74.5;56.5;12.6;0.23;-1.4;2.22;3.64;419;18.22;6.35;2.98;1.5;88.3;92.8;92.0;74.7;-0.6;628.04;710.91;264.65;276.57;80.17;11845.43;3125.52;13.65;49.52;14.83;2.04;45.17;29.39;3.43;31.4;8.78;10.48;10.39;0.17;23.87;811.52;10.26;56.9;2.48;16.0;0.7;54.2;78.91;8.7;8.61;13.3;35.5;1.5400000000000003
Manchester Utd;Premier League;53.7;35;33;28;31.9;23.2;1.59;1.5;1.27;1.45;1.06;30;2;1.36;73.4;22.7;37.8;0.33;9.8;4.95;3.63;302;13.73;4.55;3.03;3.1000000000000014;81.5;88.4;87.0;63.0;4.8;431.18;529.09;185.68;180.14;57.95;8164.82;2471.14;11.0;34.0;8.27;1.91;35.27;23.14;2.91;29.7;9.45;14.77;13.86;0.27;29.73;645.14;9.05;55.6;1.73;32.9;1.5;55.1;85.82;10.5;8.55;17.5;-1.0;-0.050000000000000044
Newcastle Utd;Premier League;38.5;20;19;14;19.3;13.5;0.95;0.9;0.67;0.92;0.64;43;1;2.05;62.0;9.5;37.4;0.33;-4.6;4.76;2.33;237;11.29;3.14;3.47;0.6999999999999993;73.8;84.3;82.4;52.2;0.5;258.67;350.52;102.05;104.9;45.62;5360.19;2026.1;7.9;18.9;5.19;1.67;18.05;17.0;1.52;27.1;10.62;16.0;15.29;0.24;33.57;469.76;9.29;55.7;0.71;36.8;1.75;50.3;76.57;10.1;9.52;18.38;-17.499999999999996;-0.83
Norwich City;Premier League;44.5;11;9;8;18.9;12.0;0.5;0.41;0.36;0.86;0.55;45;2;2.05;63.9;18.2;40.4;0.33;-2.6;4.91;2.4;221;10.05;2.77;6.78;-7.899999999999999;77.3;86.9;85.0;57.0;-4.0;329.95;426.91;125.18;143.09;56.5;6770.0;2247.5;6.68;20.59;6.18;1.59;25.59;14.86;0.77;26.5;10.59;16.77;16.41;0.18;34.77;546.64;7.91;49.7;0.73;37.5;1.7;47.2;78.05;9.45;12.0;16.36;-18.6;-0.84
Southampton;Premier League;46.9;24;21;15;27.3;18.9;1.09;0.95;0.68;1.24;0.86;34;0;1.55;67.0;22.7;35.0;0.35;1.0;4.41;2.85;265;12.05;4.05;4.24;-3.3000000000000007;74.4;85.4;81.5;45.6;-3.9;311.91;419.05;136.5;134.0;36.14;5850.86;2088.77;8.68;23.68;6.32;1.45;27.55;18.18;1.59;30.6;10.86;15.91;18.73;0.05;36.36;543.73;8.45;54.4;1.14;31.7;1.44;45.0;90.68;12.0;9.68;19.68;-4.399999999999999;-0.19999999999999996
Tottenham;Premier League;51.5;24;22;18;31.6;23.0;1.2;1.1;0.9;1.58;1.15;24;1;1.2;70.1;40.0;23.9;0.3;0.9;3.85;3.21;256;12.8;4.7;4.27;-7.600000000000001;82.4;89.9;87.4;62.1;-5.0;424.2;515.1;181.95;181.8;53.15;7984.9;2541.55;9.45;31.4;9.5;1.9;35.75;20.85;2.25;28.3;10.2;15.55;15.85;0.0;34.65;637.55;9.5;55.6;1.8;21.4;1.07;52.8;80.0;10.45;11.3;18.1;10.200000000000003;0.51
Watford;Premier League;41.6;23;22;18;22.8;16.3;1.15;1.1;0.9;1.14;0.82;40;2;2.0;61.5;0.0;34.9;0.33;-3.1;4.8;2.4;233;11.65;4.0;3.64;0.1999999999999993;72.3;83.0;80.1;53.5;1.7;271.2;375.25;98.85;115.95;51.55;5812.95;2241.4;8.7;21.2;6.3;1.9;24.75;18.3;1.75;28.9;10.95;14.7;15.55;0.15;33.35;495.55;10.3;57.1;0.7;38.2;1.91;49.9;85.75;13.65;9.65;21.9;-15.400000000000002;-0.77
West Ham;Premier League;47.9;39;36;32;33.4;24.3;1.7;1.57;1.39;1.45;1.06;31;0;1.35;70.3;21.7;32.3;0.31;1.3;4.39;3.26;299;13.0;4.17;2.67;5.600000000000001;77.5;87.7;84.1;55.7;7.7;354.65;457.61;142.91;152.48;53.39;7013.09;2388.52;9.04;26.26;8.35;2.7;29.87;19.43;2.91;29.0;10.0;15.04;14.3;0.09;30.65;569.78;6.48;48.5;1.61;29.5;1.28;49.2;85.74;9.35;7.57;18.96;3.8999999999999986;0.16999999999999993
Wolves;Premier League;47.9;18;17;11;20.9;14.2;0.86;0.81;0.52;1.0;0.68;16;0;0.76;84.8;38.1;22.3;0.24;6.3;3.76;4.94;212;10.1;3.29;4.06;-2.8999999999999986;79.7;86.9;87.4;61.8;-3.2;376.05;472.1;139.29;168.29;63.62;7689.43;2412.19;7.05;27.29;5.19;1.19;27.62;15.33;1.38;30.2;12.48;15.57;14.67;0.24;34.29;592.43;11.71;56.8;1.62;27.1;1.29;48.7;81.67;9.86;8.86;15.1;-6.200000000000003;-0.29000000000000004
Angers;Ligue 1;49.5;26;19;15;26.4;14.6;1.18;0.86;0.68;1.2;0.66;29;1;1.32;70.4;27.3;25.6;0.27;-2.4;3.68;2.79;216;9.82;3.05;3.53;-0.3999999999999986;83.5;88.8;89.6;67.6;0.4;423.59;507.18;149.82;199.23;66.59;8551.0;2726.73;6.95;25.5;4.82;1.55;29.05;15.68;1.77;29.2;12.41;14.77;15.36;0.23;34.91;630.32;12.23;53.9;1.32;27.2;1.24;41.4;77.23;11.41;12.64;10.82;-0.8000000000000007;-0.040000000000000036
Bordeaux;Ligue 1;45.9;32;31;26;24.7;17.8;1.45;1.41;1.18;1.12;0.81;53;0;2.41;59.0;0.0;41.4;0.32;-11.6;5.32;2.21;253;11.5;3.86;2.74;7.300000000000001;79.6;87.6;86.3;62.2;8.2;354.91;445.59;135.41;151.64;61.36;7293.59;2532.0;8.23;22.68;6.27;1.5;27.45;17.77;2.18;28.7;11.36;14.27;19.18;0.36;36.77;564.14;9.41;53.2;0.91;43.1;1.96;46.0;73.14;11.05;10.27;12.73;-18.400000000000002;-0.8399999999999999
Brest;Ligue 1;42.0;27;21;15;27.0;16.8;1.23;0.95;0.68;1.23;0.76;33;2;1.5;66.0;18.2;25.6;0.27;-5.4;4.27;2.85;244;11.09;3.86;4.05;0.0;78.3;85.8;84.3;62.6;-1.8;335.77;428.95;131.45;138.23;58.18;6844.36;2539.45;8.59;26.68;7.64;2.55;29.91;18.27;1.73;29.3;13.09;13.77;17.41;0.14;37.32;546.77;8.64;50.9;1.27;31.6;1.44;55.8;73.82;11.14;9.82;19.82;-4.600000000000001;-0.20999999999999996
Clermont Foot;Ligue 1;51.4;20;19;15;24.4;19.6;0.91;0.86;0.68;1.11;0.89;39;3;1.77;58.1;22.7;27.6;0.3;-8.4;3.91;2.21;251;11.41;3.64;4.21;-4.399999999999999;81.9;88.8;87.1;62.1;-4.6;434.18;530.23;191.36;177.86;57.32;8107.77;2646.95;8.14;26.09;6.14;2.5;29.09;17.41;1.55;32.9;12.68;13.59;14.09;0.27;32.59;639.82;9.91;57.5;0.95;30.3;1.38;47.7;78.95;9.64;13.09;12.91;-5.900000000000002;-0.2699999999999998
Lens;Ligue 1;50.5;35;32;25;33.4;24.8;1.59;1.45;1.14;1.52;1.13;31;0;1.41;65.0;22.7;25.5;0.3;-5.5;3.64;2.58;291;13.23;4.95;3.41;1.6000000000000014;83.5;88.9;89.0;64.9;0.2;442.41;529.73;177.95;198.82;57.95;8473.73;2691.95;9.82;31.18;7.68;1.91;37.32;20.64;2.55;28.8;9.95;13.27;16.23;0.14;32.73;635.64;8.45;57.6;1.5;24.4;1.11;53.9;72.32;11.59;8.27;12.55;9.0;0.4099999999999999
Lille;Ligue 1;50.2;27;23;18;32.2;21.1;1.23;1.05;0.82;1.47;0.96;30;1;1.36;70.7;9.1;27.4;0.28;-1.6;4.18;3.07;247;11.23;3.77;3.61;-5.200000000000003;80.2;87.6;86.4;63.0;-3.1;398.05;496.27;166.05;162.68;61.09;7730.82;2562.27;8.32;28.18;7.64;1.64;34.91;17.68;2.05;30.2;11.77;15.18;14.05;0.05;32.45;610.82;8.59;54.0;1.45;23.0;1.05;53.7;80.27;10.73;11.41;16.05;9.200000000000003;0.41999999999999993
Lorient;Ligue 1;44.7;17;15;9;24.7;17.9;0.77;0.68;0.41;1.12;0.81;38;2;1.73;61.4;18.2;31.4;0.32;-4.6;4.0;2.32;244;11.09;3.5;5.13;-7.699999999999999;78.7;86.9;85.8;59.6;-8.9;353.27;448.68;136.91;153.77;56.36;7062.64;2316.77;7.82;25.59;5.5;2.18;29.14;17.32;1.32;29.7;12.59;13.73;16.86;0.32;37.45;567.18;9.0;54.4;0.77;33.1;1.5;45.6;80.05;11.5;10.41;13.05;-8.400000000000002;-0.3799999999999999
Lyon;Ligue 1;58.3;29;23;17;36.4;23.8;1.38;1.1;0.81;1.73;1.13;27;3;1.29;76.8;27.3;26.9;0.24;2.9;4.5;3.67;284;13.52;4.95;4.52;-7.399999999999999;85.7;90.9;90.3;70.1;-6.8;494.0;576.14;207.77;207.23;67.91;9300.0;2864.55;9.45;33.5;8.0;1.68;37.32;22.48;2.19;30.9;12.73;13.23;15.82;0.32;35.18;696.73;11.0;56.3;1.52;32.2;1.46;52.2;73.23;11.14;10.55;13.05;4.199999999999996;0.27
Marseille;Ligue 1;62.5;29;26;22;30.4;22.9;1.38;1.24;1.05;1.45;1.09;16;1;0.76;78.3;50.0;17.3;0.25;2.3;2.73;3.75;285;13.57;4.14;3.35;-1.3999999999999986;87.6;92.3;91.7;71.9;-0.9;539.77;615.95;223.5;238.36;70.27;10233.41;2833.36;10.27;39.23;9.32;2.32;37.27;23.67;2.57;32.3;9.95;11.18;12.77;0.05;28.36;714.77;8.18;57.3;1.9;23.7;1.08;53.5;67.36;7.91;10.82;10.05;6.699999999999999;0.3699999999999999
Metz;Ligue 1;41.5;22;21;13;18.4;10.9;1.0;0.95;0.59;0.84;0.49;43;2;1.95;61.4;13.6;37.4;0.34;-3.6;4.59;2.35;224;10.18;3.45;3.62;3.6000000000000014;77.7;86.1;86.0;56.0;2.1;312.82;402.59;120.36;138.27;48.18;6327.68;2194.14;7.18;20.36;3.86;1.82;21.0;15.27;1.5;30.0;13.59;17.95;18.86;0.23;40.73;531.45;8.59;53.5;0.86;35.3;1.6;51.7;74.77;13.14;11.09;15.95;-16.9;-0.7600000000000001
Monaco;Ligue 1;58.2;35;28;26;32.1;21.9;1.59;1.27;1.18;1.46;1.0;26;2;1.18;72.6;22.7;26.8;0.3;2.8;3.32;2.81;242;11.0;3.59;2.82;2.8999999999999986;81.9;88.8;88.1;62.1;4.1;476.59;582.0;181.82;223.45;65.14;9324.64;2871.0;8.64;36.77;10.18;2.23;41.95;18.77;2.68;33.4;14.45;10.82;17.05;0.18;39.95;693.91;10.36;60.3;1.5;24.1;1.1;50.5;87.77;12.77;11.32;15.27;8.0;0.3599999999999999
Montpellier;Ligue 1;47.3;36;35;23;25.1;16.5;1.64;1.59;1.05;1.14;0.75;30;1;1.36;73.2;27.3;27.6;0.25;-1.4;5.09;3.73;258;11.73;4.59;2.89;10.899999999999999;79.1;87.2;85.7;60.9;6.5;361.68;457.05;145.68;147.32;59.32;7140.77;2561.23;7.68;23.36;7.05;2.41;28.59;17.68;2.55;28.6;10.77;13.59;16.23;0.23;34.59;573.14;9.64;57.9;1.55;28.9;1.31;44.0;76.82;11.05;12.59;12.41;-3.799999999999997;-0.17000000000000015
Nantes;Ligue 1;41.8;29;27;20;23.2;16.6;1.32;1.23;0.91;1.05;0.76;27;1;1.23;70.8;22.7;26.4;0.28;0.4;4.05;3.3;231;10.5;3.68;3.0;5.800000000000001;76.4;86.9;83.2;55.9;3.4;313.95;411.05;125.45;131.73;50.68;6281.59;2273.73;7.64;25.14;5.55;2.18;25.64;15.68;2.05;26.9;12.64;14.27;16.82;0.09;38.73;529.82;8.05;49.7;1.45;28.3;1.29;49.9;79.36;13.36;10.0;16.95;-5.100000000000001;-0.24
Nice;Ligue 1;51.6;36;30;24;37.9;25.4;1.64;1.36;1.09;1.72;1.16;18;0;0.82;80.0;36.4;21.9;0.25;3.9;3.64;4.44;264;12.0;4.18;3.07;-1.8999999999999986;82.8;89.4;88.8;63.2;-1.4;433.77;524.14;172.45;195.77;59.14;8354.23;2655.91;9.14;29.55;7.27;1.82;31.82;19.27;2.68;31.1;10.73;15.36;17.41;0.05;35.91;636.14;9.77;58.0;1.95;24.4;1.11;52.4;77.45;12.14;9.27;13.91;13.5;0.6099999999999999
PSG;Ligue 1;64.2;44;41;32;41.2;31.2;2.0;1.86;1.45;1.87;1.42;18;0;0.82;78.0;36.4;20.0;0.25;2.0;3.73;4.56;316;14.36;4.77;2.56;2.799999999999997;89.6;92.7;92.7;77.0;0.8;635.18;708.68;288.0;270.14;65.86;11254.73;3163.36;10.91;49.91;11.5;1.86;43.45;23.73;3.36;29.6;10.36;11.14;13.95;0.18;30.05;814.68;12.41;56.8;2.41;21.2;0.96;53.7;69.18;9.23;10.14;7.95;20.000000000000004;0.9100000000000001
Reims;Ligue 1;42.7;22;19;15;20.6;14.7;1.0;0.86;0.68;0.94;0.67;27;0;1.23;72.0;31.8;25.7;0.28;-1.3;3.73;3.04;229;10.41;3.45;4.0;1.3999999999999986;77.0;85.1;84.5;58.2;0.3;318.68;413.86;124.82;136.68;50.27;6318.64;2222.73;7.95;19.91;6.41;1.95;25.73;16.73;1.73;30.0;11.64;16.0;19.45;0.18;38.32;535.5;8.95;58.1;1.09;26.9;1.22;47.3;77.55;12.73;12.23;13.05;-6.299999999999997;-0.28
Rennes;Ligue 1;55.8;40;40;31;35.4;27.5;1.82;1.82;1.41;1.61;1.25;21;0;0.95;69.5;40.9;19.9;0.31;-1.1;2.68;2.81;331;15.05;5.09;2.8;4.600000000000001;83.4;88.3;88.8;71.6;3.5;453.91;544.14;163.23;204.41;79.23;9300.82;2835.82;11.41;31.95;10.45;3.0;37.55;23.86;3.0;29.0;9.09;14.0;13.05;0.32;28.27;653.45;8.14;53.8;1.55;23.1;1.05;53.7;80.14;11.82;8.86;16.91;12.299999999999997;0.56
Saint-Étienne;Ligue 1;49.0;18;15;10;22.5;14.2;0.82;0.68;0.45;1.02;0.64;43;2;1.96;62.1;9.1;37.7;0.33;-3.3;4.68;2.4;257;11.68;3.68;5.4;-4.5;78.9;87.9;84.8;59.6;-4.2;372.91;472.36;158.55;146.5;56.77;7161.09;2344.5;8.18;22.77;5.77;1.68;27.09;17.55;1.05;33.1;13.36;16.18;16.09;0.41;37.59;602.0;10.68;51.3;0.68;34.8;1.58;46.3;87.59;12.09;11.82;14.18;-12.299999999999997;-0.56
Strasbourg;Ligue 1;50.1;41;37;30;37.1;23.3;1.86;1.68;1.36;1.69;1.06;29;1;1.32;67.5;27.3;27.0;0.32;-1.0;3.64;2.76;275;12.5;4.14;2.46;3.8999999999999986;79.8;88.2;86.3;61.0;6.7;396.32;496.68;152.82;170.45;64.55;7944.41;2659.82;8.55;29.68;9.68;2.91;37.36;18.5;2.86;30.1;11.82;13.91;16.41;0.09;35.77;608.55;7.91;58.8;1.59;27.7;1.26;53.9;83.5;12.91;10.55;17.68;9.400000000000002;0.42999999999999994
Troyes;Ligue 1;45.5;19;19;15;21.5;15.3;0.86;0.86;0.68;0.98;0.7;31;2;1.41;72.6;18.2;28.9;0.25;-0.1;4.32;3.06;236;10.73;3.73;4.32;-2.5;79.4;87.7;85.4;60.7;-0.3;359.59;453.09;147.5;149.05;56.0;7096.95;2565.18;7.36;23.55;6.59;2.32;27.73;15.86;1.09;29.8;10.91;15.09;16.36;0.09;34.64;565.05;7.95;54.7;0.91;31.6;1.44;47.5;77.73;11.59;11.82;13.14;-10.100000000000001;-0.45999999999999996
Arminia;Bundesliga;39.1;20;18;12;19.1;12.9;1.0;0.9;0.6;0.95;0.64;26;0;1.3;76.5;30.0;31.0;0.29;5.0;4.9;3.77;232;11.6;3.45;3.83;0.8999999999999986;69.4;79.9;77.8;51.7;-0.9;265.85;382.95;97.45;111.65;50.8;5709.1;2398.4;7.8;22.4;6.05;1.85;25.25;16.25;1.35;30.3;10.95;16.35;18.2;0.35;35.8;511.5;8.75;52.2;1.05;34.2;1.71;48.3;96.5;13.25;8.55;25.2;-15.100000000000001;-0.76
Augsburg;Bundesliga;39.7;20;18;12;20.7;13.4;1.0;0.9;0.6;1.03;0.67;35;2;1.75;63.7;25.0;29.8;0.31;-3.2;4.55;2.6;215;10.75;3.6;4.0;-0.6999999999999993;71.5;82.6;79.3;54.3;-1.4;268.85;376.15;96.8;112.95;54.85;5805.0;2230.3;7.7;21.1;6.7;2.25;24.85;15.4;1.15;29.8;11.05;18.7;17.3;0.25;36.05;501.75;7.65;50.8;0.95;35.4;1.77;46.5;87.25;12.05;9.7;18.75;-14.7;-0.74
Bayern Munich;Bundesliga;63.0;63;60;50;55.6;41.1;3.15;3.0;2.5;2.78;2.06;19;0;0.95;68.3;35.0;16.7;0.28;-2.3;3.0;3.16;411;20.55;8.4;2.8;7.399999999999999;84.9;89.7;89.2;70.9;8.9;585.2;689.6;238.85;258.95;77.55;11125.1;3673.25;15.55;45.35;14.65;2.7;55.15;32.1;5.15;35.0;11.95;14.6;16.05;0.4;35.05;812.3;13.5;57.6;2.45;18.2;0.91;51.6;99.7;8.7;9.65;14.95;37.400000000000006;1.8699999999999997
Bochum;Bundesliga;43.3;19;18;12;22.6;15.2;0.95;0.9;0.6;1.13;0.76;29;1;1.45;72.5;30.0;34.3;0.32;6.3;5.1;3.52;233;11.65;3.8;4.22;-3.6000000000000014;71.3;80.3;80.4;57.2;-3.2;283.9;398.0;92.6;116.65;69.5;6563.05;2550.35;8.0;22.25;5.5;1.85;23.25;17.1;1.35;29.4;12.25;16.4;20.0;0.15;39.6;528.35;6.85;50.9;1.2;32.6;1.63;51.1;87.4;11.95;12.3;23.4;-10.0;-0.5
Dortmund;Bundesliga;59.9;49;43;34;37.5;25.6;2.45;2.15;1.7;1.88;1.28;31;1;1.55;67.1;10.0;26.8;0.29;-3.2;4.1;2.65;282;14.1;5.0;2.33;11.5;83.2;88.2;88.6;67.6;8.4;524.25;630.0;208.5;235.4;69.55;9973.65;3144.4;10.25;33.95;9.2;1.85;42.2;22.65;3.95;34.8;12.45;15.15;14.3;0.25;33.0;749.6;9.25;52.1;2.15;26.4;1.32;52.5;94.8;10.9;11.2;15.4;11.100000000000001;0.5599999999999998
Eint Frankfurt;Bundesliga;49.3;29;28;21;29.7;21.0;1.45;1.4;1.05;1.48;1.05;30;0;1.5;72.4;15.0;31.6;0.3;1.6;4.9;3.27;262;13.1;4.15;2.96;-0.6999999999999993;75.1;83.7;83.2;54.5;0.0;366.2;487.9;134.0;168.6;57.85;7473.75;2684.65;9.3;26.8;7.3;2.4;33.5;19.5;2.25;31.4;11.5;18.6;15.9;0.2;35.15;614.75;7.75;51.7;1.4;33.3;1.66;48.3;100.95;12.6;9.2;21.45;-3.599999999999998;-0.17999999999999994
Freiburg;Bundesliga;47.3;30;27;18;29.3;19.7;1.5;1.35;0.9;1.46;0.98;23;1;1.15;75.3;35.0;23.0;0.25;1.0;4.45;3.87;269;13.45;4.75;3.52;0.6999999999999993;74.9;83.0;83.7;56.9;-1.7;330.2;440.75;122.65;142.45;58.6;6909.95;2634.8;9.45;23.9;7.75;2.7;29.45;20.1;2.35;30.5;9.85;15.4;15.4;0.35;32.55;556.85;6.3;51.2;1.65;25.3;1.27;54.4;89.85;11.85;11.15;25.6;4.0;0.18999999999999995
Greuther Fürth;Bundesliga;43.7;16;13;10;19.4;12.0;0.8;0.65;0.5;0.97;0.6;52;4;2.6;57.5;15.0;43.4;0.36;-4.6;5.65;2.17;190;9.5;3.0;4.62;-3.3999999999999986;73.8;84.4;83.8;52.7;-2.0;298.7;404.8;112.55;128.05;51.55;6151.4;2370.2;6.8;21.75;4.9;1.5;27.6;14.55;0.95;31.7;10.75;16.95;17.5;0.3;36.5;533.55;8.45;50.9;0.5;36.7;1.84;44.3;85.45;12.4;13.0;18.55;-17.300000000000004;-0.8700000000000001
Hertha BSC;Bundesliga;44.6;21;20;13;19.7;14.0;1.05;1.0;0.65;0.99;0.7;42;0;2.1;62.5;15.0;39.8;0.36;-2.2;5.2;2.48;205;10.25;3.75;3.75;1.3000000000000007;75.8;84.0;83.7;56.9;-1.0;324.4;427.8;123.9;141.55;52.85;6514.8;2400.8;7.2;17.3;5.5;1.15;25.6;15.1;1.5;30.0;11.1;17.35;15.85;0.45;34.0;557.65;8.05;50.3;1.1;33.3;1.66;49.0;86.25;12.1;13.0;18.9;-13.599999999999998;-0.6699999999999999
Hoffenheim;Bundesliga;54.4;39;39;27;33.8;24.9;1.95;1.95;1.35;1.69;1.25;32;1;1.6;63.6;25.0;30.3;0.35;-0.7;4.4;2.75;274;13.7;4.55;2.33;5.200000000000003;79.9;86.5;87.5;61.5;2.1;433.55;542.4;166.4;192.4;66.75;8592.25;2938.3;9.4;28.6;9.6;3.25;36.1;21.25;3.25;33.8;10.6;15.4;14.1;0.25;30.9;656.5;6.7;49.4;1.55;27.4;1.37;46.1;88.55;12.2;10.45;17.55;6.399999999999999;0.31999999999999984
Köln;Bundesliga;55.7;32;32;23;30.8;23.3;1.6;1.6;1.15;1.54;1.16;34;1;1.7;63.4;5.0;29.5;0.32;-3.5;4.65;2.74;287;14.35;4.6;2.88;1.1999999999999993;76.7;82.9;83.9;64.6;-0.3;378.0;492.55;117.6;177.0;77.65;8203.6;2924.15;10.75;27.1;9.4;3.7;36.2;21.65;2.5;35.6;11.7;16.1;18.9;0.35;37.55;619.65;8.2;52.6;1.45;30.9;1.54;52.1;94.55;11.95;13.1;21.4;-0.09999999999999787;0.0
Leverkusen;Bundesliga;53.7;46;44;37;36.8;23.4;2.3;2.2;1.85;1.84;1.17;32;0;1.6;72.7;20.0;33.1;0.29;1.1;5.5;3.44;271;13.55;5.75;2.61;9.200000000000003;81.3;87.4;88.2;64.3;13.6;425.25;523.15;164.85;186.7;65.85;8352.95;2771.75;9.75;26.65;8.65;1.65;33.55;21.55;4.1;33.0;10.3;15.6;17.55;0.3;34.3;646.9;12.75;56.7;1.75;29.6;1.48;51.4;83.85;10.5;9.75;16.0;7.199999999999996;0.3600000000000001
M'Gladbach;Bundesliga;55.4;26;25;17;33.2;20.9;1.3;1.25;0.85;1.66;1.04;37;1;1.85;66.0;10.0;39.7;0.35;3.7;5.3;2.86;302;15.1;4.85;3.88;-7.200000000000003;82.4;88.1;88.8;65.3;-3.9;449.0;544.95;178.4;196.65;66.75;8750.6;2926.9;10.55;27.55;7.9;1.65;38.05;23.15;1.85;32.2;10.8;17.65;17.1;0.2;36.05;676.45;9.8;56.6;1.1;33.3;1.66;49.6;85.95;10.8;14.15;15.95;-0.09999999999999432;0.0
Mainz 05;Bundesliga;45.7;27;27;23;27.6;20.2;1.35;1.35;1.15;1.38;1.01;23;1;1.15;69.1;35.0;21.3;0.29;-0.7;3.4;2.96;272;13.6;4.7;3.48;-0.6000000000000014;72.9;83.3;79.8;50.1;2.8;317.85;435.85;130.0;134.25;45.85;6108.95;2399.5;9.15;24.85;6.9;2.25;33.65;18.95;2.15;32.1;12.45;17.5;16.9;0.25;37.65;567.15;6.1;49.0;1.35;25.3;1.27;48.1;100.15;14.15;10.55;22.65;2.3000000000000007;0.10999999999999988
RB Leipzig;Bundesliga;58.5;38;32;27;42.2;29.3;1.9;1.6;1.35;2.11;1.47;23;0;1.15;72.2;25.0;25.4;0.32;2.4;3.6;3.13;279;13.95;4.9;3.06;-4.200000000000003;81.5;88.4;87.4;59.2;-2.3;470.3;577.05;207.25;196.8;55.35;8580.45;2968.05;10.0;35.45;12.1;2.75;43.2;21.8;3.3;35.6;9.8;16.8;15.95;0.3;32.8;702.2;9.3;53.0;1.55;28.9;1.44;51.8;97.0;11.3;12.65;18.55;13.300000000000004;0.6699999999999999
Stuttgart;Bundesliga;52.6;22;22;18;21.5;15.5;1.1;1.1;0.9;1.08;0.78;35;1;1.75;68.0;15.0;28.5;0.26;-5.5;5.15;2.94;244;12.2;4.05;3.68;0.5;81.3;88.2;87.5;62.8;2.5;437.2;537.45;176.85;191.35;61.7;8432.95;2768.55;8.95;29.0;7.2;1.6;33.95;19.3;1.95;31.2;11.0;17.4;15.8;0.25;34.8;667.3;11.15;54.5;0.9;31.4;1.57;54.8;86.8;11.65;12.1;19.0;-9.899999999999999;-0.49
Union Berlin;Bundesliga;42.7;29;26;20;29.6;17.0;1.45;1.3;1.0;1.48;0.85;25;2;1.25;69.6;30.0;24.9;0.31;1.9;3.95;3.16;240;12.0;4.2;3.23;-0.6000000000000014;73.8;81.0;83.3;55.1;3.0;317.65;430.45;104.25;150.5;57.8;6765.85;2475.75;8.3;22.15;6.7;3.05;26.95;17.8;2.1;30.6;8.9;15.95;13.75;0.15;30.8;547.1;6.05;53.5;1.7;26.3;1.32;47.1;92.95;11.2;9.7;22.1;3.3000000000000007;0.15999999999999992
Wolfsburg;Bundesliga;52.5;17;16;11;28.2;18.6;0.85;0.8;0.55;1.41;0.93;32;1;1.6;59.7;30.0;27.7;0.34;-3.3;3.6;2.25;262;13.1;3.9;4.88;-11.2;78.3;83.9;86.4;63.0;-7.6;385.8;492.95;129.3;180.65;70.4;8174.0;2771.55;9.0;25.2;7.8;2.2;33.0;19.9;1.35;32.1;9.95;15.75;17.3;0.3;35.35;617.05;10.05;56.1;1.05;28.7;1.44;55.9;93.35;13.6;12.25;22.3;-0.5;-0.030000000000000027
Atalanta;Serie A;54.4;41;38;30;37.5;28.7;1.86;1.73;1.36;1.7;1.31;26;1;1.18;65.7;31.8;21.8;0.3;-3.2;3.18;2.69;332;15.09;4.68;2.71;3.5;81.4;87.9;86.8;62.8;1.3;448.23;550.32;186.59;192.95;60.45;8546.41;2765.32;11.91;34.36;10.68;2.27;40.82;24.73;3.14;33.0;11.09;16.0;15.73;0.09;34.14;671.64;8.27;50.8;1.95;25.4;1.15;57.3;91.91;13.55;12.5;20.5;12.100000000000001;0.55
Bologna;Serie A;50.1;28;25;23;23.8;16.4;1.27;1.14;1.05;1.08;0.75;37;2;1.68;70.2;31.8;34.0;0.28;-1.0;4.73;2.81;266;12.09;4.05;3.56;4.199999999999999;80.4;88.5;86.1;60.8;6.6;388.64;483.14;166.05;156.77;56.91;7391.45;2511.91;9.09;25.68;7.82;2.55;28.05;19.18;2.36;29.1;8.45;13.86;13.09;0.23;27.95;588.82;7.82;55.1;1.23;29.1;1.32;46.9;76.73;11.23;14.14;14.59;-5.300000000000001;-0.24
Cagliari;Serie A;42.7;22;19;16;24.7;17.4;0.96;0.83;0.7;1.07;0.75;44;1;1.91;64.5;4.3;40.2;0.32;-2.8;4.78;2.5;232;10.09;2.65;3.21;-2.6999999999999993;75.5;85.8;83.4;55.6;-1.4;312.26;413.52;116.83;135.17;54.83;6417.7;2282.09;7.48;21.17;6.48;2.57;23.52;15.48;1.52;27.0;9.52;15.48;15.74;0.09;31.35;519.52;5.83;55.8;0.74;38.3;1.67;49.1;75.74;13.52;12.78;19.91;-13.599999999999998;-0.5999999999999999
Empoli;Serie A;48.2;34;28;19;32.1;18.7;1.48;1.22;0.83;1.4;0.81;47;4;2.04;66.2;13.0;44.6;0.32;1.6;5.65;2.77;336;14.61;4.43;3.64;1.8999999999999986;78.7;88.3;85.9;57.7;0.3;355.3;451.52;136.96;161.3;52.13;6993.13;2556.13;10.13;26.09;10.52;2.17;36.09;21.91;2.39;27.3;11.35;14.74;13.43;0.13;31.13;566.39;6.96;49.5;1.26;42.1;1.83;45.2;76.43;12.78;12.96;12.91;-10.0;-0.43000000000000016
Fiorentina;Serie A;57.6;41;35;23;36.0;21.8;1.86;1.59;1.05;1.63;0.99;30;1;1.37;61.1;22.7;25.8;0.31;-3.2;3.27;2.4;288;13.09;4.91;3.09;5.0;84.4;89.3;89.3;73.7;1.2;470.64;557.73;155.82;219.73;89.68;10065.86;3042.64;9.86;29.23;9.59;2.73;34.59;21.68;2.95;30.2;8.36;12.32;12.73;0.32;27.14;660.95;6.82;53.0;1.64;26.8;1.22;52.5;75.86;11.59;14.41;15.64;9.2;0.4099999999999999
Genoa;Serie A;43.8;20;15;15;20.9;13.0;0.87;0.65;0.65;0.91;0.56;45;2;1.96;64.4;17.4;37.0;0.3;-6.0;5.13;2.62;217;9.43;2.48;3.8;-0.8999999999999986;75.8;85.1;83.7;55.4;2.0;322.74;425.7;129.35;137.17;50.87;6409.7;2259.26;6.26;19.26;4.91;1.43;25.13;13.7;1.65;29.1;11.78;19.13;18.43;0.17;38.26;548.83;7.96;53.0;0.57;33.6;1.46;44.9;82.87;13.91;13.7;16.13;-12.700000000000003;-0.5499999999999999
Hellas Verona;Serie A;51.5;42;36;31;33.4;21.5;1.83;1.57;1.35;1.45;0.93;38;2;1.65;60.2;8.7;29.1;0.3;-6.9;3.83;2.32;296;12.87;4.09;2.61;8.600000000000001;77.2;84.9;83.5;58.0;9.5;360.52;467.13;147.43;150.7;53.22;6934.26;2512.22;9.43;26.35;10.04;2.26;35.74;19.91;2.83;31.7;10.65;16.22;13.7;0.17;30.04;588.74;7.57;55.8;1.43;28.3;1.23;49.3;91.35;14.74;10.83;20.22;5.099999999999998;0.21999999999999997
Inter;Serie A;56.9;53;47;34;46.7;30.1;2.41;2.14;1.55;2.12;1.37;17;1;0.77;81.1;45.5;17.2;0.2;1.2;3.36;4.35;374;17.0;6.23;2.91;6.299999999999997;85.3;90.6;89.4;72.4;3.9;498.5;584.18;208.68;207.77;72.82;9616.27;3025.41;12.73;33.36;12.23;3.45;38.55;27.09;3.73;30.5;10.23;12.68;11.27;0.14;27.59;688.18;6.14;56.7;2.41;21.9;1.0;56.6;78.59;12.18;11.27;17.82;24.800000000000004;1.12
Juventus;Serie A;53.7;34;30;18;31.7;19.7;1.48;1.3;0.78;1.38;0.86;21;0;0.91;71.0;43.5;21.9;0.3;0.9;3.0;3.29;333;14.48;4.48;3.43;2.3000000000000007;84.3;87.8;90.6;70.8;-1.7;456.52;541.65;161.61;212.35;77.0;9408.35;2889.43;10.3;33.09;8.09;2.65;33.91;23.09;2.35;32.6;10.09;15.26;14.13;0.26;29.87;656.65;8.09;55.4;1.83;20.6;0.9;55.0;80.04;14.13;13.17;16.22;11.099999999999998;0.47999999999999987
Lazio;Serie A;54.7;46;43;35;30.1;21.4;2.0;1.87;1.52;1.31;0.93;39;0;1.7;58.5;17.4;33.1;0.35;-5.9;3.57;2.1;248;10.78;4.43;2.37;15.899999999999999;85.9;91.2;89.1;69.6;13.6;522.04;607.52;239.74;208.7;60.96;9346.48;2926.22;8.43;33.61;8.74;1.65;32.57;18.22;3.3;26.7;9.17;14.87;12.7;0.0;29.04;712.52;8.22;54.8;1.57;30.4;1.32;51.9;74.13;11.83;11.17;13.39;-0.29999999999999716;-0.010000000000000009
Milan;Serie A;55.0;44;39;23;39.1;25.0;1.91;1.7;1.0;1.7;1.09;25;2;1.09;73.4;34.8;26.5;0.28;3.5;3.43;3.16;355;15.43;4.35;2.56;4.899999999999999;82.9;88.6;88.7;66.4;-2.0;437.78;528.0;174.48;188.48;65.17;8484.0;2692.17;11.04;30.22;10.39;3.09;36.04;24.52;2.87;31.4;12.09;13.87;15.52;0.26;34.43;640.83;11.48;60.6;2.13;24.0;1.04;49.2;79.7;12.65;13.65;15.39;15.100000000000001;0.6599999999999999
Napoli;Serie A;60.0;43;37;26;38.2;23.9;1.87;1.61;1.13;1.66;1.04;16;1;0.7;78.9;52.2;15.6;0.21;0.6;3.09;4.44;377;16.39;5.09;3.16;4.799999999999997;86.8;92.1;90.3;71.0;2.1;543.3;625.96;248.74;219.74;63.0;9787.83;2974.0;12.87;38.39;10.91;2.22;37.61;28.0;2.74;31.7;10.39;13.39;10.83;0.0;26.09;726.22;8.17;57.1;2.13;16.4;0.71;48.5;72.48;12.43;12.39;11.43;21.800000000000004;0.95
Roma;Serie A;50.3;39;37;26;39.6;25.3;1.7;1.61;1.13;1.72;1.1;30;1;1.3;68.6;34.8;27.2;0.28;-1.8;3.74;2.87;368;16.0;4.61;2.86;-0.6000000000000014;82.2;87.1;88.9;67.2;0.7;401.13;488.09;143.43;184.83;67.48;8208.61;2670.39;11.13;28.83;9.52;2.22;34.09;23.91;2.57;29.4;10.7;13.83;14.13;0.13;31.09;597.96;7.3;47.1;1.65;27.2;1.18;52.0;74.43;13.43;11.26;14.65;12.400000000000002;0.54
Salernitana;Serie A;37.9;13;11;8;17.8;11.5;0.59;0.5;0.36;0.85;0.55;50;2;2.27;63.0;4.5;37.5;0.28;-10.5;5.77;2.54;206;9.36;2.59;5.18;-4.800000000000001;73.9;83.9;80.3;55.8;-3.5;258.68;350.23;105.36;104.05;43.45;5173.55;2144.41;6.73;20.05;5.95;2.0;24.5;14.43;0.86;24.9;8.45;15.5;14.18;0.14;27.86;457.86;6.64;57.7;0.5;39.5;1.8;52.7;72.73;12.18;11.86;17.55;-21.7;-0.9500000000000001
Sampdoria;Serie A;45.2;25;24;19;22.7;16.6;1.09;1.04;0.83;0.99;0.72;41;1;1.78;65.5;13.0;35.6;0.3;-4.4;5.04;2.83;263;11.43;3.43;3.29;2.3000000000000007;74.5;83.0;81.7;56.9;2.4;323.09;433.43;122.3;137.83;55.96;6582.65;2438.04;8.35;24.61;7.65;2.13;31.26;17.83;1.74;30.0;9.3;15.87;16.74;0.26;32.35;541.7;5.43;56.6;0.87;34.9;1.52;56.1;84.39;12.87;12.7;21.04;-12.2;-0.53
Sassuolo;Serie A;56.8;36;33;25;33.0;23.5;1.57;1.43;1.09;1.44;1.02;38;1;1.65;59.8;8.7;33.2;0.36;-3.8;3.57;2.16;332;14.43;5.22;3.64;3.0;84.3;90.4;89.1;68.4;1.5;462.96;549.35;194.3;193.35;66.57;8845.57;2852.0;10.57;29.65;8.09;1.61;36.0;22.78;2.61;28.8;8.22;14.83;12.91;0.65;26.52;660.43;8.09;51.2;1.26;36.5;1.59;47.7;76.09;11.96;12.96;11.43;-3.5;-0.15000000000000013
Spezia;Serie A;45.1;21;21;15;21.9;17.7;0.91;0.91;0.65;0.95;0.77;42;2;1.83;69.7;17.4;37.9;0.27;-2.1;5.17;2.83;245;10.65;3.7;4.05;-0.8999999999999986;77.9;86.4;85.3;56.9;-2.7;334.74;429.65;135.26;139.39;52.7;6616.7;2340.83;7.91;21.43;6.3;2.0;25.78;16.48;1.39;29.7;9.96;17.48;14.52;0.26;31.13;546.78;7.26;53.7;1.09;41.0;1.78;44.7;77.35;13.43;12.13;14.96;-19.1;-0.8300000000000001
Torino;Serie A;53.0;28;28;20;29.4;21.8;1.27;1.27;0.91;1.34;0.99;21;0;0.95;70.5;22.7;19.7;0.27;-1.3;2.77;2.9;299;13.59;4.09;3.21;-1.3999999999999986;78.0;86.9;85.1;56.8;-1.8;372.73;477.95;151.45;157.5;56.64;7381.23;2423.18;9.95;30.18;7.86;2.64;28.91;21.41;2.23;32.4;8.0;13.73;16.32;0.23;31.32;591.77;7.95;56.8;1.45;20.7;0.94;46.0;94.41;17.73;11.32;22.18;8.7;0.40000000000000013
Udinese;Serie A;40.9;26;25;17;25.4;17.2;1.18;1.14;0.77;1.21;0.82;36;1;1.64;59.8;22.7;29.1;0.33;-5.9;3.73;2.28;258;11.73;4.18;3.68;0.6000000000000014;77.7;86.8;84.8;54.8;-0.2;299.68;385.5;121.45;130.41;41.68;5793.41;2031.68;8.68;19.18;5.59;1.09;21.09;19.24;1.95;30.1;11.05;16.0;13.41;0.36;30.55;498.77;8.86;51.7;1.09;29.4;1.34;48.0;75.82;12.91;11.86;14.18;-4.0;-0.13000000000000012
Venezia;Serie A;42.1;20;18;14;20.3;16.1;0.91;0.82;0.64;0.92;0.73;40;2;1.82;72.7;13.6;42.7;0.31;4.7;5.82;3.2;198;9.0;3.0;3.67;-0.3000000000000007;78.5;85.8;86.3;61.2;-2.1;325.73;415.09;117.86;146.95;56.59;6705.23;2318.64;6.91;19.64;5.55;1.59;23.09;14.55;1.59;25.8;9.95;18.91;17.45;0.18;33.5;534.55;8.32;55.1;0.82;38.2;1.74;47.5;71.36;13.64;10.86;15.82;-17.900000000000002;-0.82
